<xml xmlns:o="urn:schemas-microsoft-com:office:office">
 <o:MainFile HRef="282294_File000001_4675776.html"/>
 <o:File HRef="282294_File000001_4675776_stylesheet.css"/>
 <o:File HRef="282294_File000001_4675776_tabstrip.html"/>
 <o:File HRef="282294_File000001_4675776_sheet001.html"/>
 <o:File HRef="282294_File000001_4675776_image001.png"/>
 <o:File HRef="282294_File000001_4675776_image002.gif"/>
 <o:File HRef="282294_File000001_4675776_sheet002.html"/>
 <o:File HRef="282294_File000001_4675776_sheet003.html"/>
 <o:File HRef="282294_File000001_4675776_filelist.xml"/>
</xml>